 -- DS1: Oracle XE Schema SALES - Data Source
-- SIA19: Integrated Real Estate Market Analysis System

CREATE USER SALES IDENTIFIED BY sales123
  DEFAULT TABLESPACE USERS TEMPORARY TABLESPACE TEMP QUOTA UNLIMITED ON USERS;
GRANT CONNECT, RESOURCE, CREATE SESSION, CREATE TABLE, CREATE VIEW, CREATE SEQUENCE TO SALES;

CREATE TABLE SALES.PRODUCTS (
    PRODUCT_ID   NUMBER PRIMARY KEY,
    PRODUCT_NAME VARCHAR2(100) NOT NULL,
    CATEGORY     VARCHAR2(50),
    UNIT_PRICE   NUMBER(10,2),
    STOCK_QTY    NUMBER
);

CREATE TABLE SALES.DEPARTMENTS (
    DEPARTMENT_ID   NUMBER PRIMARY KEY,
    DEPARTMENT_NAME VARCHAR2(100),
    CITY_ID         NUMBER
);

CREATE TABLE SALES.EMPLOYEES (
    EMPLOYEE_ID   NUMBER PRIMARY KEY,
    FIRST_NAME    VARCHAR2(50),
    LAST_NAME     VARCHAR2(50),
    DEPARTMENT_ID NUMBER REFERENCES SALES.DEPARTMENTS(DEPARTMENT_ID),
    EMAIL         VARCHAR2(100),
    HIRE_DATE     DATE,
    SALARY        NUMBER(10,2)
);

CREATE TABLE SALES.SALES (
    SALE_ID      NUMBER PRIMARY KEY,
    PRODUCT_ID   NUMBER REFERENCES SALES.PRODUCTS(PRODUCT_ID),
    EMPLOYEE_ID  NUMBER REFERENCES SALES.EMPLOYEES(EMPLOYEE_ID),
    CUSTOMER_ID  NUMBER,
    SALE_DATE    DATE,
    QUANTITY     NUMBER,
    UNIT_PRICE   NUMBER(10,2),
    TOTAL_AMOUNT NUMBER(10,2)
);

-- Seed data
INSERT INTO SALES.DEPARTMENTS VALUES (1,'Vanzari Nord',1);
INSERT INTO SALES.DEPARTMENTS VALUES (2,'Vanzari Sud',2);
INSERT INTO SALES.DEPARTMENTS VALUES (3,'Vanzari Est',3);
INSERT INTO SALES.DEPARTMENTS VALUES (4,'Vanzari Vest',4);

INSERT INTO SALES.EMPLOYEES VALUES (1,'Ion','Popescu',1,'ion.popescu@firma.ro',DATE '2020-03-15',4500);
INSERT INTO SALES.EMPLOYEES VALUES (2,'Maria','Ionescu',1,'maria.ionescu@firma.ro',DATE '2019-07-01',5200);
INSERT INTO SALES.EMPLOYEES VALUES (3,'Andrei','Constantin',2,'andrei.c@firma.ro',DATE '2021-01-10',4800);
INSERT INTO SALES.EMPLOYEES VALUES (4,'Elena','Dumitrescu',2,'elena.d@firma.ro',DATE '2018-11-20',5500);
INSERT INTO SALES.EMPLOYEES VALUES (5,'Mihai','Stanescu',3,'mihai.s@firma.ro',DATE '2022-05-03',4200);
INSERT INTO SALES.EMPLOYEES VALUES (6,'Ana','Georgescu',3,'ana.g@firma.ro',DATE '2020-09-14',4700);
INSERT INTO SALES.EMPLOYEES VALUES (7,'Cristian','Popa',4,'cristian.p@firma.ro',DATE '2017-06-22',6000);
INSERT INTO SALES.EMPLOYEES VALUES (8,'Laura','Nistor',4,'laura.n@firma.ro',DATE '2023-02-01',4000);

INSERT INTO SALES.PRODUCTS VALUES (1,'Laptop Dell Inspiron','Electronice',3200,45);
INSERT INTO SALES.PRODUCTS VALUES (2,'Monitor LG 27"','Electronice',1100,80);
INSERT INTO SALES.PRODUCTS VALUES (3,'Tastatura Logitech','Periferice',280,150);
INSERT INTO SALES.PRODUCTS VALUES (4,'Mouse Wireless','Periferice',150,200);
INSERT INTO SALES.PRODUCTS VALUES (5,'Scaun ergonomic','Mobilier',1800,30);
INSERT INTO SALES.PRODUCTS VALUES (6,'Birou reglabil','Mobilier',2400,20);
INSERT INTO SALES.PRODUCTS VALUES (7,'Webcam HD','Periferice',420,90);
INSERT INTO SALES.PRODUCTS VALUES (8,'Headset Sony','Electronice',650,60);

INSERT INTO SALES.SALES VALUES (1,1,1,101,DATE '2024-01-10',2,3200,6400);
INSERT INTO SALES.SALES VALUES (2,2,2,102,DATE '2024-01-15',3,1100,3300);
INSERT INTO SALES.SALES VALUES (3,3,1,103,DATE '2024-02-03',5,280,1400);
INSERT INTO SALES.SALES VALUES (4,4,3,104,DATE '2024-02-18',2,150,300);
INSERT INTO SALES.SALES VALUES (5,1,4,105,DATE '2024-03-07',1,3200,3200);
INSERT INTO SALES.SALES VALUES (6,5,2,106,DATE '2024-03-22',3,1800,5400);
INSERT INTO SALES.SALES VALUES (7,6,5,107,DATE '2024-04-01',1,2400,2400);
INSERT INTO SALES.SALES VALUES (8,7,6,108,DATE '2024-04-14',4,420,1680);
INSERT INTO SALES.SALES VALUES (9,8,7,109,DATE '2024-05-05',2,650,1300);
INSERT INTO SALES.SALES VALUES (10,3,8,110,DATE '2024-05-20',10,280,2800);
INSERT INTO SALES.SALES VALUES (11,2,3,101,DATE '2024-06-08',2,1100,2200);
INSERT INTO SALES.SALES VALUES (12,4,4,102,DATE '2024-06-25',5,150,750);
COMMIT;
